{
  "model_type": "hist_gradient_boosting",
  "artifact": "candidate_hgb_20251222T104034Z.joblib",
  "train_rows": 144000,
  "test_rows": 36000,
  "churn_rate_train": 0.044958333333333336,
  "churn_rate_test": 0.17691666666666667,
  "metrics": {
    "pr_auc": 0.9369965707522319,
    "roc_auc": 0.966494333433593,
    "confusion_matrix": [
      [
        29449,
        182
      ],
      [
        1102,
        5267
      ]
    ],
    "classification_report": {
      "0": {
        "precision": 0.9639291676213545,
        "recall": 0.9938577840774864,
        "f1-score": 0.9786647170250241,
        "support": 29631.0
      },
      "1": {
        "precision": 0.9665993760322995,
        "recall": 0.8269744072852881,
        "f1-score": 0.8913521746488408,
        "support": 6369.0
      },
      "accuracy": 0.9643333333333334,
      "macro avg": {
        "precision": 0.965264271826827,
        "recall": 0.9104160956813873,
        "f1-score": 0.9350084458369324,
        "support": 36000.0
      },
      "weighted avg": {
        "precision": 0.9644015719927241,
        "recall": 0.9643333333333334,
        "f1-score": 0.9632176730696376,
        "support": 36000.0
      }
    },
    "pr_curve_sample": {
      "precision_head": [
        0.17691666666666667,
        0.1769215811550321,
        0.1769264959164398,
        0.17693141095091258,
        0.17693632625847316,
        0.17694124183914434,
        0.17694615769294883,
        0.17695107381990943,
        0.1769559902200489,
        0.17696090689339
      ],
      "recall_head": [
        1.0,
        1.0,
        1.0,
        1.0,
        1.0,
        1.0,
        1.0,
        1.0,
        1.0,
        1.0
      ]
    }
  }
}